Rylee,f
Hayfa,B
Ingrid,c
Justina,C
Iola,D
Orlando,F
Harper,c
Rahim,C
Aline,B
Rhea,C
Simon,B
Kellie,D
Murphy,A
Scarlett,B
Carl,C
Magee,a
Mira,C
Hedy,F
Aristotle,B
Stacy,c
Catherine,B
Thaddeus,D
Ezekiel,D
Jena,F
Sybill,b
Aladdin,A
Clayton,C
Tanya,d
Myles,c
Beau,C
Lavinia,B
Phoebe,b
Jesse,B
Mohammad,d
Callie,d
Larissa,B
Serina,a
Lewis,a
Amery,d
Celeste,F
Beatrice,C
Indigo,D
Hunter,F
Ishmael,a
Julian,d
Drake,d
Declan,d
Quamar,C
Preston,a
Gary,D
Claire,D
Lynn,d
Louis,b
Glenna,f
Uriel,f
Calvin,D
Martin,a
Quinlan,d
Noble,A
Anika,C
Maxine,C
Roanna,D
Chaney,F
Brady,D
Christian,B
Suki,C
Phelan,F
Marvin,B
Genevieve,d
Carissa,D
Hermione,b
Macey,C
Judith,c
Randall,b
Lacey,b
Odette,c
Vanna,D
Gail,c
Sylvia,F
Ariana,D
Cade,F
May,B
Nissim,A
MacKenzie,a
Lilah,B
Wesley,a
Cheyenne,d
Jerome,a
Giacomo,B
Travis,c
Len,D
Damon,F
Jenna,F
Tashya,F
Tiger,b
Cairo,f
Kyla,C
Curran,D
Kai,B
Alec,B
Whitney,F
Lunea,a
Tatyana,d
Olivia,C
Jin,B
Madeline,A
Cody,c
Vivien,a
Yoko,b
Ima,B
Kenyon,A
Ora,f
Grant,a
Maia,d
Ainsley,b
Serena,d
Kyle,c
Keaton,D
Doris,d
Lael,F
Aileen,c
Todd,B
Cameron,a
Blaze,c
Rhoda,b
Kelsey,a
Tatiana,a
Kelly,a
Ebony,a
Clare,d
Eve,D
Bradley,c
Stuart,a
Avram,c
Sonya,F
Melvin,a
Erasmus,c
Myra,B
Josephine,a
Adam,a
Zephania,B
Harrison,b
Kato,D
Charles,c
Ray,B
Nero,a
Abbot,d
Kane,d
Ivor,b
Vielka,c
Imelda,C
Astra,A
Alana,C
Merritt,a
Reagan,a
Finn,d
Rebecca,d
Chester,a
Abraham,D
Janna,a
Lucian,F
Dalton,d
Wynter,B
Aiko,D
Shellie,c
Kareem,b
Cara,f
Jennifer,C
Alma,d
Samantha,D
Channing,a
Keegan,a
Ivana,C
Mona,a
Keiko,f
Donovan,d
Davis,a
Hashim,D
Sophia,b
Pearl,c
Cleo,F
George,b
Noelani,B
Hedda,F
Holmes,C
Sonia,c
Vincent,a
Jonah,f
Jared,F
Allen,C
Brock,c
Cullen,c
Walker,B
Mary,b
Tallulah,D
Steel,D
April,A
Shaeleigh,A
Tanisha,c
Caryn,D
Ethan,F
Kamal,F
Emmanuel,a
Gemma,c
Remedios,D
Aretha,a
Ivy,a
Vance,A
Oprah,F
Lane,a
Shafira,a
Cora,C
Shay,a
Winifred,F
Coby,d
Reece,f
Diana,D
Burton,f
Sheila,a
Raja,a
Isabella,B
Chloe,a
Carla,B
Kennan,a
Kadeem,d
Rashad,F
Kirk,f
Michelle,B
Velma,C
Malcolm,D
Jeremy,a
Risa,c
Wade,a
Frances,c
Hector,B
Driscoll,A
Ciaran,c
Rae,B
Geraldine,a
Dennis,a
Idola,B
Kyra,d
Sasha,C
Tasha,C
Aaron,F
Shoshana,B
Erica,d
Bianca,c
Alexander,a
Dawn,b
Quin,A
Virginia,A
Alexa,b
Kerry,f
Melissa,D
Jason,d
Lana,c
Robin,B
Sacha,D
Whilemina,F
Patrick,C
Rooney,F
Zane,B
Sandra,a
Kasimir,f
Mufutau,d
Amela,A
Timothy,f
Darius,c
Audrey,B
Prescott,b
Ciara,C
Zachery,C
Akeem,F
Benjamin,C
Clinton,c
Rhona,C
Jescie,F
Nasim,f
Breanna,d
Xenos,d
Jamalia,a
Carter,b
Vera,C
Noah,c
Isaac,A
Nolan,d
Mikayla,c
Paul,D
Halee,C
Ralph,d
Jordan,D
Cain,B
Desiree,d
Geoffrey,c
Basil,F
Martha,A
Fallon,F
Wylie,B
Fitzgerald,C
Yoshi,f
Briar,C
Nigel,C
Ria,B
Chiquita,A
Samuel,B
Byron,D
Lillian,D
Priscilla,c
Thane,C
Orla,B
Emma,B
Nevada,c
Tyler,b
Jocelyn,B
Evan,c
Brennan,D
Kirby,d
Zahir,d
Neville,a
Amal,D
Harding,D
Sebastian,B
Amena,b
Graiden,F
Blossom,b
Jelani,F
Allegra,b
Salvador,D
Maxwell,D
Tarik,F
Carol,b
Athena,c
Margaret,C
Hilda,C
Warren,c
Oscar,D
Chava,D
Mark,F
Asher,a
Macy,b
Grady,f
Amir,d
Herman,b
Irma,c
Allistair,a
Fiona,c
Ira,d
Denton,a
Branden,C
Elaine,b
Lisandra,D
Joshua,c
Haviva,F
Brett,D
Jameson,c
Eleanor,B
Emerson,D
Melanie,a
Patience,c
Chaim,F
Guy,D
Chancellor,c
Kimberly,C
Zeph,a
Zachary,f
Charlotte,a
Ivory,a
Eagan,b
Jenette,d
Sierra,b
Amber,a
Galena,a
Wendy,B
Dolan,f
Garrett,c
Cruz,C
Audra,d
Tara,c
Alea,d
Adele,A
Leroy,b
Rachel,A
Jana,B
Delilah,a
Nathan,B
Bertha,c
Rajah,d
Hu,b
Montana,A
Hakeem,d
Amity,C
Colin,b
Colleen,c
Ignatius,F
Jorden,f
Yeo,d
Norman,B
quit
